LONS,LATS,COD_ZC,ZC_NOM
-74.13010207018996,4.525412047969083,002598,EL MOCHUELO II URBANO
-74.18983386471552,4.604624764206239,004524,SAN PABLO BOSA
-74.08868644542106,4.499815896763403,001344,LOS SOCHES
-74.09779081148251,4.486214649263084,002630,EL PORTAL DEL DIVINO
-74.14123582929828,4.55124843904198,002517,LUCERO DEL SUR
-74.10085977733898,4.509386795116125,002605,BOLONIA
-74.0783766509351,4.6617757150242225,005103,SAN MIGUEL
-74.10272302208936,4.696977451801675,005615,LA SOLEDAD NORTE
-74.21146754589539,4.616265929841793,205318,SAN BERNARDINO XVIII
-74.06441989478911,4.617608564812737,008104,LA PERSEVERANCIA
-74.06739171785699,4.617025116038961,008109,SAN MARTIN
-74.08965521026813,4.604831773805269,004110,LA PEPITA
-74.10164319158939,4.577806282297121,001401,SAN JOSE SUR
-74.15897274874169,4.673096337603832,006520,ZONA FRANCA
-74.10150303095492,4.673825545719033,005508,LA CABANA
-74.11873427233196,4.48925302147278,002619,VILLA ANITA
-74.18657077281259,4.639666828669938,004630,PARCELA EL PORVENIR
-74.0691205287102,4.752489475155736,009215,CASABLANCA SUBA
-74.30414349707613,4.09561124649483,109102,SAN ANTONIO
-74.08568944340786,4.542117711809894,001315,ALTAMIRA
-74.08985107037768,4.524885581749772,001325,JUAN REY (LA PAZ)
-74.02675626764412,4.710346243477476,008405,GINEBRA
-74.06876895837907,4.730808996304943,009119,ATENAS
-74.02925740356184,4.72329908969873,008509,LOS CEDROS ORIENTAL
-74.03409773866241,4.7213322122265255,008511,CEDRO NARVAEZ
-74.1138148629654,4.518387829177158,002572,SALAZAR USME
-74.14681487098349,4.554145784707722,002553,SUMAPAZ
-74.10877215792075,4.749014549115361,009232,SABANA DE TIBABUYES
-74.14952628929339,4.54779343734904,002539,SAN RAFAEL
-74.05164384737904,4.6737587628240185,008308,EL CHICO
-74.06496845807823,4.676709517915424,005305,LA PATRIA
-74.08166726354193,4.67443723821799,005204,SAN FERNANDO OCCIDENTAL
-74.16441816262639,4.669869044129573,105104,EL TINTAL
-74.08804957537325,4.529570292118188,001323,NUEVA DELHI
-74.07114564803481,4.657466445904969,007311,SIETE DE AGOSTO
-74.06642833020292,4.6596700817359515,007303,COLOMBIA
-74.11712260228161,4.6575992706428515,006315,LA ESPERANZA SUR
-74.11315478966542,4.545081195219402,002510,LA PICOTA ORIENTAL
-74.07487085627233,4.55937053268901,201306,TIBAQUE I
-74.09818642310876,4.48866351148567,002617,EL REFUGIO I
-74.17640159219887,4.60918597865542,004536,EL RUBI
-74.10011209205376,4.4715899176687515,102502,EL UVAL RURAL
-74.14224346695885,4.633254141766748,006508,LAS DOS AVENIDAS
-74.09699107403318,4.5594453818174845,001408,VILLA DE LOS ALPES
-74.0252914111481,4.71819057974969,008536,BOSQUE DE PINOS I
-74.02816546058274,4.757493182242834,008523,SAN ANTONIO NORTE
-74.09944567144119,4.600046874687209,004108,SANTA ISABEL
-74.07345937478885,4.653425774769285,007308,QUINTA MUTIS
-74.16966397943946,4.693192451094549,006532,KASANDRA
-74.09964307369931,4.686109981710377,005603,BOYACA
-74.0713508794808,4.64700370208894,007202,SAN LUIS
-74.03005296657864,4.6867078118115275,008408,SANTA ANA
-74.13893452280632,4.652111533484544,006511,LA PAMPA
-74.08709930901497,4.548849621518654,001333,ALTOS DEL POBLADO
-74.09655147901529,4.548065678340357,001311,LA GLORIA OCCIDENTAL
-74.09016923819134,4.595046471817712,004105,EDUARDO SANTOS
-74.19418976697332,4.637005182701571,004633,SANTA FE BOSA
-74.1661961904658,4.648597306374149,006518,OSORIO III
-74.126616226417,4.623473447454916,004551,HIPOTECHO SUR
-74.14916482757135,4.654118663359265,205101,VEREDA EL TINTAL URBANO
-74.13816449729865,4.660643611976784,205102,VEREDA EL TINTAL
-74.08669401312777,4.746788054205976,009241,BOSQUES DE SAN JORGE
-74.11602215581888,4.361308576706837,102909,SAN BENITO
-74.14247724085158,4.18773542411919,103205,RAIZAL
-74.20502924985777,4.320068371806891,102116,CHISACA
-74.1214181511423,4.717807288982721,005649,VILLAS DE GRANADA I
-74.11450574198372,4.717687608405453,005622,BOLIVIA
-74.14743076613023,4.626890659049774,004548,TECHO
-74.15238055108975,4.605409048706497,004584,SANTA CATALINA
-74.09623291827458,4.570554333111304,001405,VEINTE DE JULIO
-74.11684908396546,4.5730654540096625,001412,GRANJAS SAN PABLO
-74.07574632556339,4.733420116088687,009260,ALTOS DE SUBA
-74.07885207136121,4.6275206926627055,007107,LAS AMERICAS
-74.11380000027016,4.522369002627962,002563,EL PEDREGAL
-74.06305192907467,4.600271133916184,008114,PARQUE NACIONAL URBANO
-74.07637178556405,4.654139725913504,007309,BENJAMIN HERRERA
-74.12124218806605,4.650421935434889,006308,FRANCO
-74.1884456481012,4.607728275448725,004586,JIMENEZ DE QUESADA II SECTOR
-74.11474718547437,4.542088942175036,002566,LA PAZ
-74.15236415300957,4.549735048253031,002549,VILLA GLORIA
-74.1114041251583,4.5273733479376785,002631,EL NEVADO
-74.1112486160266,4.5299106009509105,002551,ALASKA
-74.05875706013452,4.666016057745652,008313,LAGO GAITAN
-74.07273871711357,4.618718093247696,007105,ARMENIA
-74.07612726287188,4.582724853043386,003210,RAMIREZ
-74.0622138755451,4.672852722853446,007401,POLO CLUB
-74.14613389079345,4.55960656108116,002502,MILLAN
-74.09081185223673,4.588729296714665,001201,SEVILLA
-74.02278551140427,4.759739815927974,008547,LA ESTRELLITA III
-74.04318949884855,4.738560224877715,008519,ESTRELLA DEL NORTE
-74.07406009272724,4.7589180120114625,009246,DELMONTE
-74.04011528061672,4.6841685412273195,008410,ESCUELA DE INFANTERIA
-74.03297452087028,4.68478473061927,008409,ESCUELA DE CABALLERIA I
-74.1436214129527,4.639473177038684,006506,CASTILLA
-74.12156552825131,4.7519927283463685,009250,TIBABUYES OCCIDENTAL
-74.1979288225551,4.647656104682282,105314,EL CORZO RURAL
-74.03447174798028,4.743913093361328,008502,LA PRADERA NORTE
-74.1260365783393,4.7152011793684965,005647,VILLAS DE GRANADA
-74.14053220117451,4.541521163404149,002456,QUIBA I
-74.16183513642378,4.635045725270788,004560,SAUCEDAL
-74.08209823158408,4.559759706354335,001307,RAMAJAL
-74.03288635167681,4.7546578490830536,008529,SAN JOSE DE USAQUEN
-74.06979927206885,4.569012280781997,101302,MOLINO RURAL
-74.07230884005298,4.623090161808713,007104,TEUSAQUILLO
-74.09596537979499,4.554313766204747,001355,LAS GUACAMAYAS I
-74.19732248945152,4.625158090818775,004594,SAN ANTONIO
-74.12009362218278,4.696542602517887,005623,LOS ANGELES
-74.02935979251104,4.692966335680175,008407,USAQUEN
-74.0992319343624,4.694005676477878,005609,TABORA
-74.071917059924,4.635020832809349,007205,PALERMO
-74.02667875086887,4.7131221475742535,008424,SEGUNDO CONTADOR
-74.12517979838164,4.535101342008117,002522,EL MOCHUELO ORIENTAL
-74.095640858625,4.596665578641042,004106,EL VERGEL
-74.06642322267297,4.629625038571057,008112,SUCRE
-74.08952852333475,4.628506328315579,006210,CENTRO NARINO
-74.08146532162854,4.630691053218845,005107,ACEVEDO TEJADA
-74.11653430538169,4.523735976833145,002525,BARRANQUILLITA
-74.07493422781519,4.642594672461577,007207,GALERIAS
-74.18446420112205,4.614213868962784,004583,ARGELIA II
-74.08012612750984,4.501771041542681,101307,TIHUAQUE RURAL
-74.13997981929884,4.55791976163967,002521,LUCERO ALTO
-74.13580811161798,4.559138734818376,002514,MEISSEN
-74.15509837705748,4.54665549533226,002587,BRISAS DEL VOLADOR
-74.09324363927959,4.561701368728891,001304,BELLO HORIZONTE
-74.16755318904077,4.5763605092864275,002444,SIERRA MORENA II
-74.1397557401527,4.546514899459854,002532,QUINTAS DEL SUR
-74.12265272996446,4.634436063262776,006509,LUSITANIA
-74.16126628315023,4.639294610948426,004554,PATIO BONITO
-74.07864614684624,4.609962639835534,006104,LA FAVORITA
-74.0989695626964,4.720866536779227,009238,SANTA TERESA DE SUBA
-74.15251373940099,4.578823638035753,002420,LA CORUNA
-74.07499559578899,4.738275446720977,009258,CASA BLANCA SUBA I
-74.05683923774772,4.631250548745126,201502,SIBERIA RURAL
-74.11461150514215,4.492646041916758,002571,ANTONIO JOSE DE SUCRE
-74.09286242322291,4.60855459521554,004101,RICAURTE
-74.1090362710568,4.566230852334849,001431,LA RESURRECCION I
-74.09587873200738,4.736417484942358,009240,POTRERILLO
-74.0996201343651,4.551202359193863,001321,SAN MARTIN SUR
-74.12793234764635,4.561613698105851,002508,TUNJUELITO
-74.16115760193277,4.6222716369701615,004508,CIUDAD KENNEDY OCCIDENTAL
-74.07671410846113,4.74325799878045,009231,SUBA CERROS
-74.05445485583378,4.727383569244289,009105,PRADO PINZON
-74.10137924902963,4.505510366777978,002609,EL BOSQUE
-74.06348964491315,4.657466113868391,007304,CONCEPCION NORTE
-74.08752384425769,4.654982467610862,005116,PABLO VI NORTE
-74.07443605227014,4.586229761247565,003211,GIRARDOT
-74.08489095710847,4.593128377325452,003201,SAN BERNARDINO
-74.1203914779167,4.578425007037211,002204,QUIROGA SUR
-74.37322226171027,3.809720152116285,109111,SAN JOSE
-74.34755767254688,3.8820413766446,109116,NUEVA GRANADA
-74.34189867431779,3.919775130727361,109110,CONCEPCION
-74.07731096236448,4.615872810070425,006103,SANTA FE
-74.18263719725087,4.600195985977466,004552,GUALOCHE
-74.17168694746171,4.618205657019917,004576,CASA BLANCA SUR
-74.07226772003793,4.797771906875833,107112,LA LOMITA
-74.09476446019251,4.589933778926849,002102,SAN ANTONIO
-74.11377197552875,4.499379813577581,002542,SERRANIAS
-74.11147104292412,4.566830881524868,001413,LA RESURRECCION
-74.12253286972897,4.735033253726056,005664,EL DORADO
-74.16345017401092,4.632821237688319,004562,LLANO GRANDE
-74.07070288141767,4.631748236451654,007102,SANTA TERESITA
-74.1030571855299,4.629943066508514,006207,BATALLON CALDAS
-74.13543917509378,4.656123026421355,006528,EL VERGEL
-74.14819646347964,4.0901227836973435,103108,LOS RIOS
-74.07954791907258,4.562564582175327,001113,SAN BLAS II
-74.0527258883796,4.781854956359924,009138,CASABLANCA SUBA URBANO I
-74.09624164823265,4.489585259302865,202506,EL NUEVO PORTAL II RURAL
-74.06525551331322,4.586324716540084,201404,LA PEÃ‘A RURAL
-74.14471498001012,4.544770499734232,002540,ESTRELLA DEL SUR
-74.10910294472238,4.7421985896530385,009216,LA GAITANA
-74.07138001492349,4.819483968912332,107101,GUAYMARAL
-74.13440213423927,4.621419515007611,004502,HIPOTECHO OCCIDENTAL
-74.15559566999782,4.648527193581632,006516,TINTALA
-74.12066671732657,4.569206520084406,001410,MARCO FIDEL SUAREZ
-74.12102066281845,4.522343322655011,002503,LA AURORA
-74.11982371982991,4.525160055938044,002505,NUEVO SAN ANDRES
-74.18605889761268,4.645611906378877,105210,OSORIO X
-74.10790260424535,4.571709365340578,001403,HOSPITAL SAN CARLOS
-74.14478792924264,4.570509093661531,002435,EL CHIRCAL SUR
-74.14247529148527,4.555342678585729,002554,GIBRALTAR SUR
-74.06355872985306,4.62846857928681,008111,CATALUNA
-74.08004766650222,4.623532958897958,006101,FLORIDA
-74.15377573040078,4.543050760618012,002559,LOS ALPES SUR
-74.11802786916122,4.62302015992041,004307,SAN GABRIEL
-74.0623772483685,4.622609571531691,008102,PARQUE NACIONAL
-74.09599824370584,4.624360845487674,006205,INDUSTRIAL CENTENARIO
-74.12707382576114,4.6437860815390115,006512,VILLA ALSACIA
-74.02877316982244,4.759533846479262,008522,EL ROCIO NORTE
-74.17563400622805,4.653084466632579,205221,GALAN RURAL
-74.09438899570029,4.498058749472353,102405,PEPINITOS
-74.06272450960562,4.719623310156294,009116,PRADO VERANIEGO NORTE
-74.35153551476533,3.973745615495246,109114,TUNAL BAJO
-74.08920855113499,4.676457108014737,005503,BELLAVISTA OCCIDENTAL
-74.17023397289226,4.696185760286911,205402,EL CHARCO
-74.09135497830819,4.5766765244524645,001205,SOCIEGO
-74.1590626685964,4.567400130537658,002573,ARBORIZADORA ALTA
-74.10160725529771,4.741585336670708,009267,VILLA MARIA I
-74.10943047870703,4.714847337625747,005644,BOCHICA II
-74.08385595313642,4.529578009760498,001322,SAN RAFAEL USME
-74.08283465829776,4.532486128039954,001334,LAS GAVIOTAS
-74.10538911815604,4.727942452507596,009236,LA CAROLINA DE SUBA
-74.10862955186728,4.720353007038962,005640,BOLIVIA ORIENTAL
-74.09108641404578,4.75009525851704,009213,EL PINO
-74.07822909035428,4.753949125848166,009214,TUNA ALTA
-74.10860051512165,4.700115338599795,005620,FLORENCIA
-74.05632925796982,4.710867131661439,009130,CANODROMO
-74.08847063831051,4.734859840790318,009207,VILLA ELISA
-74.12251847726033,4.700465393225351,005680,VILLA DEL MAR
-74.02229177825262,4.76204721598325,208203,LA ESTRELLITA
-74.10206744295208,4.7166206890129825,005682,CIUDAD BACHUE II
-74.11063265934901,4.508164915662109,002506,GRAN YOMASA
-74.14683689222666,4.557111559670496,002504,COMPARTIR
-74.10847578812165,4.601263309534039,004209,SANTA MATILDE
-74.09898581151077,4.562295186526039,001430,VILLA DE LOS ALPES I
-74.08141307078701,4.576022695753849,001109,LA MARIA
-74.12242148455029,4.479831579985046,102604,LA REQUILINA RURAL II
-74.0703572774899,4.686317513965043,005307,LOS ANDES
-74.08514625041352,4.6209455555165135,006109,COLSEGUROS
-74.11329710976742,4.580207262114172,002202,QUIROGA
-74.11462100476743,4.553040870946474,001418,MARRUECOS
-74.13738180791091,4.707588211440323,005637,VILLA GLADYS
-74.07657507763487,4.5962226164096665,003106,CENTRO ADMINISTRATIVO
-74.1588005112579,4.706371395879938,005672,LAS NAVETAS
-74.15057399387325,4.6755894828233515,006408,EL CARMEN FONTIBON
-74.08742054930326,4.573069621437496,001114,VELODROMO
-74.1149935930185,4.618249171286339,004303,BARCELONA
-74.18985677201023,4.621745342626985,004580,BOSA NOVA EL PORVENIR
-74.08025267805182,4.571179711654583,001108,SAN CRISTOBAL SUR
-74.14572792615417,4.54843635009947,002560,BELLAVISTA LUCERO ALTO
-74.04413025491246,4.680519200989981,008301,CHICO NORTE II SECTOR
-74.15121485152964,4.640288532061004,006531,CIUDAD TECHO II
-74.14241262151751,4.538497744339803,002530,QUIBA
-74.10455625655082,4.602890309907539,004203,LA ASUNCION
-74.08082752890351,4.4989120800185125,002633,LAS VIOLETAS
-74.07362953410784,4.588523224005584,003212,LOURDES
-74.14996902843933,4.554143222527126,002552,JUAN PABLO II
-74.10660910964992,4.610958116288978,004212,TIBANA
-74.04178550771302,4.712190131775297,008402,COUNTRY CLUB
-74.12248611559647,4.597891265821454,004403,AUTOPISTA MUZU
-74.14125920731622,4.678867007084847,006420,LA GIRALDA
-74.07263484569032,4.675294338869164,005201,JORGE ELIECER GAITAN
-74.03736631572735,4.680801814312089,008419,ESCUELA DE CABALLERIA II
-74.05503659033987,4.7170105483394345,009107,PRADO VERANIEGO
-74.17750502532323,4.57980948372451,002426,SANTO DOMINGO
-74.07791139884138,4.592276505218687,003203,SANTA BARBARA
-74.09930221708758,4.502062170746549,002621,SAN FELIPE DE USME
-74.0877344010921,4.600045208027626,004104,LA ESTANZUELA
-74.07707850589856,4.575928004136329,001103,VITELMA
-74.06939726146398,4.567726344656371,001104,MOLINOS DE ORIENTE
-74.07703911138559,4.604769220968399,003108,LA CAPUCHINA
-74.09529681087497,4.538676678785072,001332,VILLABEL
-74.1879711598084,4.62872337853011,004592,SAN MARTIN
-74.1073213627532,4.5017309598816695,002611,CHARALA
-74.0708195943666,4.628008886961464,007103,LA MAGDALENA
-74.11088667802032,4.5323069166452195,002590,LA FISCALA
-74.06548817874989,4.614299862988763,008105,LA MACARENA
-74.08103646397662,4.598846374802322,003107,SANTA INES
-74.16477529882351,4.599863979698575,004538,OLARTE
-74.10233410499936,4.607152063704278,004202,COMUNEROS
-74.10047874918916,4.617894843922198,004208,LOS EJIDOS
-74.16348802756654,4.5651206916160705,002568,ARBORIZADORA ALTA
-74.15009132479506,4.601498932100817,004515,TUNDAMA
-74.0489047908594,4.710624223472651,008401,LA CALLEJA
-74.13585488877922,4.711799536199652,005667,CENTRO ENGATIVA II
-74.06566367750393,4.683011519060609,005308,RIONEGRO
-74.14684404527091,4.645423480768436,006515,VALLADOLID
-74.14979609417324,4.681998376490764,006409,BELEN FONTIBON
-74.08773830560978,4.581599457650724,001207,NARINO SUR
-74.14231389364966,4.536171471851811,002564,EL MINUTO DE MARIA
-74.16061584818989,4.5452329223016195,002580,BELLA FLOR
-74.14296783890836,4.533451358597673,204128,QUIBA RURAL
-74.08069221283696,4.606259381357189,006105,SAN VICTORINO
-74.08824431179,4.578908568388144,001206,QUINTA RAMOS
-74.12164274040458,4.500938800558419,002586,YOMASA NORTE
-74.07829624289216,4.719705255653979,009112,NIZA SUBA
-74.11839254709047,4.563551254330844,001423,ARBOLEDA SUR
-74.1756437969497,4.631613405432243,004316,LAS MARGARITAS
-74.17570872144564,4.646672464331698,004609,LOS ALMENDROS
-74.17234252969703,4.641180342755435,004607,CIUDAD DE CALI
-74.17531205725533,4.640474370346287,004612,DINDALITO
-74.17762718004253,4.649807836543066,004626,LAS ACACIAS
-74.1671963613794,4.6435317018434645,004601,CALANDAIMA
-74.17265658136657,4.6354868796100615,004614,DINDALITO
-74.11866993818396,4.556503742296763,001414,MOLINOS DEL SUR
-74.15223131731612,4.667275647915139,006521,SABANA GRANDE
-74.12327991220806,4.584302111763022,002307,INGLES
-74.12778322789109,4.583198693995252,002308,CLARET
-74.08859710324468,4.58705082240551,001211,POLICARPA
-74.16056444594847,4.575497261478454,002436,BELLAVISTA
-74.07796217830851,4.638235184709983,007206,BELALCAZAR
-74.1380098887954,4.587154897233139,002408,FATIMA
-74.17071879358174,4.64277852745875,004603,EL PARAISO
-74.16786389077663,4.635679465166612,004613,PROVIVIENDA OCCIDENTAL
-74.18200122645796,4.628597666321366,004604,BRASILIA
-74.08712294343906,4.631410381558834,006201,EL RECUERDO
-74.0757396865813,4.629587733710234,007101,LA SOLEDAD
-74.05482757311556,4.7321586354601415,009104,VICTORIA NORTE
-74.06352129862562,4.644708427259858,008213,CHAPINERO CENTRAL
-74.09880979101895,4.652361822952782,005110,EL SALITRE
-74.15633464943376,4.56835678591072,002460,ARBORIZADORA ALTA I
-74.13855667824654,4.549636477943,002523,LA ALAMEDA
-74.12919021628085,4.633860592090867,006502,MARSELLA
-74.12701737176108,4.552180301924125,002512,AREA ARTILLERIA
-74.06326199735453,4.7567603404953696,009134,SAN JOSE V SECTOR
-74.0853026350907,4.750740950457067,009219,CAMPANELLA
-74.06756087668512,4.759850576699849,009247,IRAGUA
-74.05852257208643,4.631787292291866,201503,SIBERIA  II
-74.09314282446513,4.538799371259686,001328,SANTA RITA SUR ORIENTAL
-74.16478052692821,4.640434207463064,004558,CAMPO HERMOSO
-74.12656758441678,4.58953346632092,002311,VILLA MAYOR
-74.12119893077407,4.561105814633194,001420,EL PLAYON
-74.36359732048128,3.985594138683143,209106,LA UNION URBANO
-74.09939564322019,4.573007064948315,001404,SOSIEGO SUR
-74.0863833445222,4.5580422960454055,001308,SANTA INES SUR
-74.07226269514224,4.603319414098724,003109,VERACRUZ
-74.08577110776534,4.526987203230439,001362,ARBOLEDA SANTA TERESITA
-74.15636861359391,4.553505031483688,002570,EL MIRADOR
-74.06946826430136,4.597475292388998,003104,LA CONCORDIA
-74.17835656266006,4.646036216680678,004611,EL JAZMIN
-74.1810626602223,4.624727546512653,004605,CHICALA
-74.18029034999358,4.64955151742334,205209,EL JAZMIN
-74.16351105537774,4.629323248121,004619,CHUCUA DE LA VACA III
-74.19152871115682,4.6325054514978286,004632,LA CABANA
-74.19032480943962,4.628729178234708,004593,LA LIBERTAD
-74.16942897907543,4.633198104943639,004618,DINTALITO
-74.20888300099897,4.083550166573655,103109,LAS SOPAS
-74.17082371742133,4.63057916755425,004617,TINTALITO
-74.10598534802705,4.741045152366687,009262,LA GAITANA ORIENTAL
-74.04420381691693,4.7204997154226636,008514,EL CONTADOR
-74.09035229316616,4.622138865186053,006211,CUNDINAMARCA
-74.13519900050977,4.511568618885269,002588,EL MOCHUELO III URBANO
-74.09189510459925,4.723876811317378,009202,EL RINCON
-74.11322544892722,4.74969466366763,009251,SAN CARLOS DE SUBA
-74.10951184369686,4.550406562787416,001416,SAN AGUSTIN
-74.08410196135779,4.627014627392056,006202,GRAN AMERICA
-74.14420086627594,4.6756218890454475,006410,CENTRO FONTIBON
-74.03885429739529,4.6750385068845155,008302,SEMINARIO
-74.09899222133221,4.677538002745278,005509,SAN JOAQUIN
-74.19911343091422,4.611525100792415,004539,GRAN COLOMBIANO
-74.11826394057643,4.547491988398967,002511,LA PICOTA
-74.13879374775779,4.638756811056495,006504,BAVARIA
-74.10455471520895,4.485944902484836,002635,BRISAS DEL LLANO
-74.20108983941243,4.606895729406523,004574,CHARLES DE GAULLE
-74.11994928622265,4.514020284942798,002555,SAN JUAN BAUTISTA
-74.06085310912134,4.7639664272215105,009113,SAN JOSE DE BAVARIA
-74.16780654865039,4.7017421635244805,105402,CHARCO RURAL
-74.1251210352882,4.719845045730957,005654,GRAN GRANADA
-74.19331888747548,4.611535947128742,004528,PASO ANCHO
-74.06113399174038,4.683174931303298,005304,LA CASTELLANA
-74.14539043391414,4.598428843440336,004544,LAS DELICIAS
-74.12378679656422,4.557520851503951,002507,ABRAHAM LINCOLN
-74.09643426539401,4.681050698294073,005510,EL LAUREL
-74.19030314949175,4.650128858560448,105223,OSORIO XXIII
-74.2046977576636,4.621562736804828,205316,VILLA EMMA
-74.11724763042143,4.747150963058482,009259,BERLIN
-74.14420134514233,4.562728484045221,002513,LAS ACACIAS
-74.09618968429487,4.580597008682873,001204,CIUDAD JARDIN SUR
-74.11067588820961,4.581038413425779,002209,QUIROGA I
-74.09309786371526,4.600833417733356,004111,EL PROGRESO
-74.02715274850482,4.749757447326738,008524,LA GRANJA NORTE
-74.14667659733023,4.508171540941838,002595,LAGUNITAS URBANO
-74.13672801476253,4.602609720958657,004543,ALQUERIA LA FRAGUA
-74.093058841445,4.583268193667637,001203,CARACAS
-74.07306029038726,4.579813468009188,003209,EL DORADO
-74.09632603926639,4.500814927228412,202404,SAN FELIPE DE USME RURAL
-74.1856934677366,4.616474293154737,004520,LA PAZ BOSA
-74.07338044539078,4.610928603153592,003101,LA ALAMEDA
-74.12570614821514,4.613657843619745,004310,PROVIVIENDA NORTE
-74.16356887511333,4.607858952376931,004517,JACQUELINE
-74.06973551147443,4.607536030608866,003102,LAS NIEVES
-74.15723816868282,4.688605294196654,006413,SAN PABLO JERICO
-74.08452229630915,4.517096276661443,102312,CIUDAD LONDRES RURAL
-74.15276244694942,4.211300419166048,103201,BETANIA
-74.14425805744501,4.667511656104302,006407,GUADUAL FONTIBON
-74.0990560395762,4.545316856221183,001330,CANADA O GUIRA
-74.10964185847244,4.555672385031081,001417,LOS MOLINOS
-74.15059237839192,4.566719564962336,002531,CANDELARIA LA NUEVA
-74.13609103274742,4.5546311826344335,002516,MEXICO
-74.06366959740706,4.706764952773999,009118,BATAN
-74.15102931087921,4.681225466042532,006417,VILLA CARMENZA
-74.10530082124006,4.678616731948033,005605,EL ENCANTO
-74.0796219766027,4.678470521670971,005205,SIMON BOLIVAR
-74.03683947804844,4.707228453897326,008403,LA CAROLINA
-74.1490270627295,4.541446036712968,002546,NACIONES UNIDAS
-74.03557026586856,4.719100492047042,008512,CEDRITOS
-74.09761554276108,4.612635076265083,004201,PENSILVANIA
-74.06768676088001,4.62471509762737,008101,SAGRADO CORAZON
-74.03635942682074,4.72938960515604,008518,CAOBOS SALAZAR
-74.08064308958805,4.472997806167282,202309,EL BOSQUE SUR ORIENTAL RURAL III
-74.04411846538152,4.664323178197047,201108,EL REFUGIO II
-74.15115856170537,4.591829738290425,002411,ISLA DEL SOL
-74.10103811559387,4.50035617364662,002612,LA COMUNA
-74.10388168936892,4.564893080130887,001424,BARCELONA SUR
-74.09117480331436,4.564862822725208,001303,CORDOBA
-74.17929396391628,4.607363474522782,004569,JOSE ANTONIO GALAN
-74.08975341709561,4.7000616705544775,005601,EL MINUTO DE DIOS
-74.20013960253873,4.620333948537458,004625,EL REMANSO I
-74.09412452252516,4.6434981680443785,005109,CENTRO ADMINISTRATIVO OCC.
-74.0668608342391,4.645666301730121,007203,CHAPINERO OCCIDENTAL
-74.10814240808499,4.57608877560802,001402,GUSTAVO RESTREPO
-74.09738116666746,4.7159820123873955,005661,LUIS CARLOS GALAN
-74.05501514375295,4.652804465039896,008202,EMAUS
-74.11192632721463,4.7366055157408775,009257,TIBABUYES
-74.09749524337651,4.73860499199061,009208,COSTA AZUL
-74.02453976349652,4.664577108471997,208107,LA ESPERANZA
-74.02346223975606,4.765188411727961,008540,LA ESTRELLITA I
-74.07435864389518,4.5679756808553345,001116,TIBAQUE URBANO
-74.05808177828133,4.6346788488870025,201508,PARDO RUBIO  I
-74.06229508309615,4.616692781066466,201408,LA PERSEVERANCIA I
-74.11745994489222,4.5332378697492075,002589,PORVENIR
-74.11483871473179,4.610239402596538,004204,MONTES
-74.14725139806212,4.604657541827701,004582,RENANIA URAPANES
-74.17315726066784,4.580788491233756,002451,SAN ANTONIO DEL MIRADOR
-74.04694554451446,4.724933464071199,008515,LOS CEDROS
-74.19323044823896,4.62371610919869,004595,CHICO SUR
-74.0892666977646,4.665913160996084,005115,PARQUE POPULAR SALITRE
-74.08702377898008,4.623632066541657,006203,LA FLORIDA OCCIDENTAL
-74.08306720971596,4.621992584517747,006110,USATAMA
-74.13033113450497,4.717215427802072,005668,VILLAS DE ALCALA
-74.01225928518996,4.665853060845077,208127,PARAMO RURAL V
-74.02872846755665,4.726774796021987,008508,CEDRO SALAZAR
-74.02796140269703,4.731036679149664,008507,BARRANCAS
-74.0280374875868,4.7350065394304295,008506,BARRANCAS NORTE
-74.02717251043632,4.776701457444283,108102,TIBABITA RURAL
-74.03861132549555,4.771014060747757,008544,CANAIMA
-74.04058824352077,4.752187173690474,008525,LA URIBE
-74.14700136173626,4.172535011953949,203106,NAZARETH URBANO
-74.11132275233311,4.677844130459097,005638,SANTA CECILIA
-74.11066493669983,4.697473894515792,005625,LOS ALAMOS
-74.20303123738022,4.603383701495349,004598,VILLA ANNY I
-74.19912075730848,4.6012044672658785,004599,VILLA ANNY II
-74.05564559890956,4.736643894746869,009110,MAZUREN
-74.0676121033737,4.562167269342897,001119,AGUAS CLARAS I
-74.10238652888386,4.739020949284464,009209,VILLA MARIA
-74.0969748694017,4.630606093940107,006208,ORTEZAL
-74.10611471248905,4.734224224063438,009224,NUEVA TIBABUYES
-74.05346931815093,4.742212641152695,009103,CANTAGALLO
-74.09769197680743,4.709139555377388,005616,LOS CEREZOS
-74.13906710741472,4.5190906987104125,104129,EL MOCHUELO II
-74.09648344582352,4.50767275725532,202204,LA ESPERANZA SUR I
-74.1429826031984,4.656052773524267,006534,EL TINTAL IV
-74.08695688785475,4.615165567941807,006107,PALOQUEMAO
-74.06945395684349,4.618931122826059,008108,SAMPER
-74.09030049223661,4.5041229798705995,102407,TIBAQUE SUR
-74.19697789054507,4.602555774928523,004550,JOSE MARIA CARBONEL
-74.29783951544633,3.9656641731862803,109113,LAGUNITAS
-74.2831418846257,3.990209997383807,109107,CHORRERAS
-74.26082003455636,4.015871616872048,109103,LAS VEGAS
-74.15770333228154,4.561609953269547,002575,CERRO COLORADO
-74.29684504638976,4.061870722765143,109101,EL TOLDO
-74.12644882868362,4.603044328215521,004407,ALCALA
-74.18397211441486,4.639689624270247,004616,OSORIO X URBANO
-74.04063088325329,4.692560709958371,008416,MOLINOS NORTE
-74.06551278119021,4.6528287929239935,007305,LA ESPERANZA
-74.17728978783796,4.622931988414145,004568,JORGE URIBE BOTERO
-74.04705002752176,4.655743518456921,008319,EL BAGAZAL
-74.13178245429248,4.712652677687874,005670,LA RIVIERA
-74.16911387141329,4.377534513736819,102112,EL HATO
-74.05635219326945,4.77873677545851,107110,CASABLANCA SUBA I
-74.11757578596348,4.750010689287444,009252,BILBAO
-74.06671425813944,4.739600875538053,009128,EL PLAN
-74.07208165696733,4.75546380804849,009265,VEREDA SUBA CERROS II
-74.0898308833157,4.566736840040168,001302,MONTEBELLO
-74.09169334357375,4.7078533818982935,005613,LA SERENA
-74.10814989476317,4.684323448296697,005614,VILLA LUZ
-74.10908393008526,4.672936565550691,005606,NORMANDIA OCCIDENTAL
-74.19327076701543,4.643501225098842,004643,EL CORZO I
-74.18915259208198,4.619244409404537,004526,BOSA NOVA
-74.14255335443032,4.710962188055239,005657,SABANA DEL DORADO
-74.08589148667103,4.495209090176174,102401,LOS ARRAYANES
-74.20447698377477,4.6174336297966745,004602,REMANSO URBANO
-74.20539456717223,4.616410335700862,205320,EL REMANSO
-74.08649242017002,4.707716035371303,009121,CLUB DE LOS LAGARTOS
-74.09276163746806,4.730750368430035,009223,TTES DE COLOMBIA
-74.1180320498256,4.560316809831958,001429,GUIPARMA
-74.11505563842425,4.70502707670423,005629,EL CEDRO
-74.16695046316345,4.5869462113070645,002450,PERDOMO ALTO
-74.15722593784865,4.591786056001273,002415,MADELENA
-74.15986814925361,4.594179686078998,002421,RAFAEL ESCAMILLA
-74.2107662038504,4.6246261598531495,205322,CAMPO VERDE
-74.05132549994974,4.6553069881380145,008305,BELLAVISTA
-74.0515022107438,4.644507987910698,201110,INGEMAR ORIENTAL I
-74.06910084240205,4.557022435117535,201304,AGUAS CLARAS 
-74.10181493871885,4.709068966991548,005617,PRIMAVERA
-74.13155517569108,4.72683317728876,106301,ENGATIVA EL DORADO
-74.08706431201018,4.547347435400134,001314,SAN JOSE SUR ORIENTAL
-74.08765059233477,4.589615310695288,001208,LA HORTUA
-74.09142174266333,4.758575001549701,009243,LAS MERCEDES I
-74.11887975030574,4.727807835119297,005634,EL CORTIJO
-74.07657755842361,4.622093605845594,007106,ESTRELLA
-74.21847639042426,4.623507888393707,004590,SAN BERNARDINO XXV URBANO
-74.07351509306646,4.63885414987863,007209,ALFONSO LOPEZ
-74.16273981619238,4.399329690729355,104112,SANTA ROSA
-74.2148318468961,4.625856857501969,004577,SAN BERNARDINO XXII URBANO
-74.13842019044534,4.342127417016381,102911,CURUBITAL
-74.08551945418867,4.586057458459099,001209,MODELO SUR
-74.09212229791129,4.515773807738373,001347,JUAN REY SUR
-74.13202314471738,4.5960725232447155,004405,OSPINA PEREZ SUR
-74.02064961781072,4.729413143214099,108113,BOSQUE DE PINOS III RURAL
-74.09244864838631,4.672477279122761,005504,LA ESTRADITA
-74.08975777621637,4.757221934331765,009244,VILLA HERMOSA
-74.05729158341059,4.671685141802012,008314,ANTIGUO COUNTRY
-74.17993663431021,4.589523475035331,002446,LOS TRES REYES
-74.11123440215536,4.745985439699837,009225,TIBABUYES UNIVERSAL
-74.08373670390932,4.731941549890207,009222,ALTOS DE CHOZICA
-74.12719558132429,4.67897380748555,006404,PUERTA DE TEJA
-74.15946838214502,4.166936695400728,103106,NAZARETH
-74.09622849483921,4.704883988786108,005612,PARIS GAITAN
-74.10255180026513,4.707216409275237,005639,QUIRIGUA ORIENTAL
-74.11094641364713,4.63864457309893,006218,CENTRO INDUSTRIAL
-74.07535474533891,4.713792357052214,009123,NIZA NORTE
-74.11870839286313,4.7050539062655234,005643,ALAMOS
-74.16925246649737,4.445262822720151,104104,PASQUILLA
-74.19261601869052,4.620189218373254,004589,SAN PEDRO
-74.17851763728669,4.585172073597255,002447,EL MIRADOR DE LA ESTANCIA
-74.13255764260713,4.547140988122421,002562,CENTRAL DE MEZCLAS
-74.09291992143149,4.73699830790331,009221,LA CHUCUA
-74.08585778916571,4.474888988894468,102310,EL BOSQUE SUR ORIENTAL RURAL I
-74.19089757094405,4.617033758368949,004587,LOS SAUCES
-74.10462697705302,4.5110077723235715,002606,EL CURUBO
-74.17878798276152,4.587150436887301,002441,LOS TRES REYES I
-74.09501962541883,4.54438429306792,001356,VILLA DEL CERRO
-74.09560367572925,4.733007606107993,009205,AURES
-74.07956162534384,4.694363060787,005402,SANTA ROSA
-74.03511764251591,4.735689063417493,008517,LA LIBERIA
-74.11627522055599,4.494308373612007,002538,USMINIA
-74.11620353055284,4.592139811451183,002301,EDUARDO FREY
-74.36225324920407,3.9954923324952794,109106,LA UNION
-74.11379399541038,4.743564757290729,009229,TOSCANA
-74.06320290208441,4.750836520039094,009135,PORTALES DEL NORTE
-74.12002419868968,4.746027986223388,009253,SAN PEDRO
-74.09816895026367,4.698864129546088,005610,LA GRANJA
-74.14357612858308,4.65851649243166,105105,VEREDA EL TINTAL RURAL
-74.08654138194976,4.498801960646556,001336,JUAN JOSE RONDON I
-74.1441051907922,4.663103071717876,006522,EL TINTAL II
-74.15730242021907,4.721600723308432,106201,EL PANTANO
-74.14916277877276,4.71840955539596,005662,EL CEDRO
-74.16604165134342,4.584350918960681,002433,EL PENON DEL CORTIJO
-74.17832821372963,4.614097454047688,004535,CLASS
-74.07265506201057,4.591361302377051,003204,BELEN
-74.16641997505667,4.617058786836515,004525,PASTRANA
-74.11126046034084,4.607533588115373,004210,JORGE GAITAN CORTES
-74.04733647257547,4.557737644343254,101301,HOYA SAN CRISTOBAL
-74.04816334473585,4.625019053262033,101502,SIBERIA
-74.05788254192193,4.640354665270987,008215,INGEMAR
-74.11860142241895,4.614131804793976,004317,CAMELIA II
-74.19525630695236,4.630376917325872,004637,LAS MARGARITAS
-74.15538740416719,4.571007950986404,002461,ARBORIZADORA ALTA  II
-74.06443387073374,4.526767378489601,101306,TIBAQUE
-74.02694024333391,4.74470408734751,008503,SANTA TERESA
-74.13536945335532,4.499487310489715,002596,EL MOCHUELO ALTO
-74.03526185245448,4.800307612360506,008539,TORCA I
-74.01786737381178,4.815456142931163,108101,TORCA RURAL I
-74.02068424529259,4.798289389590807,108110,TORCA RURAL II
-74.01908217451715,4.73386789961198,008520,BOSQUE DE PINOS
-74.12059125619287,4.571671304445918,001411,SAN JORGE SUR
-74.09222133324265,4.551782904025091,001310,LA VICTORIA
-74.08972650501559,4.572760674880873,001112,PRIMERO DE MAYO
-74.12823459270282,4.469585873990683,202601,CENTRO USME
-74.18222802587889,4.621510645811693,004588,EL DANUBIO AZUL
-74.16276384234257,4.592603289831351,002419,RINCON DE LA VALVANERA
-74.1368203387619,4.537466728699414,002584,EL MOCHUELO
-74.08715078040206,4.68695367240384,005405,LAS FERIAS OCCIDENTAL
-74.0942665939456,4.700754604800617,005611,AUTOPISTA MEDELLIN
-74.08449761848763,4.509277596775714,201309,TIBAQUE II
-74.148132098638,4.587510612385788,002409,NUEVO MUZU
-74.16488019365157,4.5902048275739205,002455,LA VALVANERA
-74.11684968711607,4.700853231243706,005641,SANTA MONICA
-74.12365658382792,4.708885648198123,005648,VILLA AMALIA
-74.12397481045971,4.444672450425164,102707,OLARTE
-74.10911484660475,4.498310947439807,002543,COMUNEROS
-74.11958247986485,4.673149392738764,006301,SANTA CECILIA
-74.11907661418519,4.516852481933099,002526,SANTA LIBRADA
-74.17609454735727,4.58983537251012,002429,MARIA CANO
-74.16593688763535,4.570970150774041,002430,LAS BRISAS
-74.11388806405702,4.602338869517911,004402,REMANSO
-74.01907279321384,4.672822511815811,208101,PARAMO IV
-74.12864398176382,4.657680580372612,006320,CIUDAD HAYUELOS
-74.06375913628882,4.663135501177668,007403,SAN FELIPE
-74.13146299629541,4.614783973355743,004503,PROVIVIENDA ORIENTAL
-74.10767428116718,4.605215295277015,004211,BOCHICA
-74.13707180689596,4.6109143601203,004504,PROVIVIENDA
-74.08947739822169,4.533177208807669,001327,LOS LIBERTADORES
-74.12913429277157,4.605991466296641,004408,TEJAR
-74.12642977725386,4.597943528156627,004404,AUTOPISTA SUR
-74.15914090990952,4.614646387862721,004581,TIMIZA C
-74.14523309843086,4.540279700463947,002574,CEDRITOS DEL SUR
-74.06820060627389,4.638629410872577,007204,QUESADA
-74.1097554007599,4.560890024528369,001427,PUERTO RICO
-74.17418924535869,4.576901990481906,002442,SANTA VIVIANA
-74.1276947176028,4.330838262962453,102910,ARRAYAN
-74.16856893880701,4.345005476397023,102114,LOS ANDES
-74.20493699202902,4.622558673465684,004623,SAN BERNARDINO POTRERITOS
-74.17008223320487,4.496172582896793,104114,QUIBA ALTO
-74.05574405858734,4.649349273979913,008204,GRANADA
-74.06271292785271,4.731120406419691,009131,SANTA HELENA
-74.0865365965983,4.519314585551598,001346,CIUDAD LONDRES I
-74.15396699384199,4.597206408539265,004563,GUADALUPE
-74.12934810320834,4.599462229145113,004406,OSPINA PEREZ
-74.19496508254102,4.606204495559526,004533,EL RETAZO
-74.15907590112649,4.631161937881605,004547,CORABASTOS
-74.0760653303615,4.564345999207596,201302,EL TRIANGULO
-74.07197099090293,4.5655017047522515,201317,TIBAQUE III
-74.10067165079498,4.556650012433256,001353,LAS GUACAMAYAS IV
-74.09857945960024,4.554601091728563,001352,LAS GUACAMAYAS II
-74.12670836273247,4.699484655818886,005652,EL MUELLE
-74.02275864133391,4.726951757674961,008538,BOSQUE DE PINOS III
-74.04808024926103,4.660288663302118,008304,LOS ROSALES
-74.03717304864931,4.654301901592917,101101,EL BAGAZAL
-74.01694009152301,4.687665535647979,108104,PARAMO
-74.04368631533289,4.6680609090488625,008303,EL REFUGIO
-74.05056584649108,4.766809015364911,009133,MIRANDELA
-74.106227779339,4.703313584796979,005619,PARIS
-74.10467161924693,4.690566353715279,005608,SANTA HELENITA
-74.06577728740038,4.6021129354687424,003103,LAS AGUAS
-74.06902283820502,4.6129205699172795,008107,SAN DIEGO
-74.0382196597122,4.670312069410391,101110,PARAMO I RURAL
-74.06436299637136,4.609523027970244,008106,BOSQUE IZQUIERDO
-74.03250919804734,4.668250304908731,108109,PARAMO I
-74.07920240620106,4.5489146002347445,001342,ALTOS DEL ZIPA
-74.12170760167398,4.617950817582131,004304,GALAN
-74.10750955355375,4.542785255651848,001435,LOS ARRAYANES II
-74.09430497000992,4.692562063754566,005602,SANTA MARIA
-74.04972414533191,4.5948322756645785,101405,PARQUE NACIONAL ORIENTAL
-74.07005413566851,4.582777044181824,003208,EL ROCIO
-74.07019725034026,4.589099457718175,003205,EL GUAVIO
-74.08318892954469,4.553902205459431,001312,LOS ALPES
-74.06979967573152,4.594891136100888,003105,EGIPTO
-74.0557905920722,4.66414858139097,008312,ESPARTILLAL
-74.06843973789618,4.6651870015503,007404,ALCAZARES NORTE
-74.05242423610929,4.6625531182054685,008311,EL NOGAL
-74.08376849650492,4.584614096413589,001210,CALVO SUR
-74.0292680418111,4.764831239328765,008521,TIBABITA
-74.05910975636658,4.793329770989987,009139,CASABLANCA SUBA URBANO II
-74.12446180389199,4.494939133121039,104130,BRAZUELOS OCCIDENTAL RURAL
-74.18480167504698,4.605284491425202,004523,JIMENEZ DE QUESADA
-74.17238390819927,4.546355764888541,104119,CIUDAD BOLIVAR RURAL I
-74.09386920258832,4.635338321871726,006209,QUINTA PAREDES
-74.06530339551631,4.63595065648182,008212,MARLY
-74.17018085108315,4.57664431845732,002440,SIERRA MORENA
-74.10179734037918,4.6248816355486175,006206,EL EJIDO
-74.11857619970264,4.510294574657755,002529,LA MARICHUELA
-74.20044459793984,4.634222894486467,004638,CIUDADELA EL RECREO II
-74.06772243927074,4.566277253408424,001118,LOS LAURELES SUR ORIENTAL I
-74.05776301978639,4.631240303222784,008221,SIBERIA URBANO
-74.12659692868912,4.745491058732575,009255,SANTA RITA DE SUBA
-74.12786703133425,4.740919389750643,009256,SANTA CECILIA
-74.15947939716642,4.583950702085193,002416,EL ENSUENO
-74.04451116373865,4.807926037636379,009136,CASABLANCA SUBA URBANO
-74.05453399104275,4.825562983449133,107111,CASABLANCA SUBA II
-74.04890165042622,4.7586368121126235,009120,NUEVA ZELANDIA
-74.16176502965497,4.541274909196765,002581,LA TORRE
-74.1398906968527,4.581232983499874,002402,SAN VICENTE FERRER
-74.13571017466978,4.581311981641374,002407,EL CARMEN
-74.1326345296357,4.5830353579485665,002406,SAMORE
-74.13226269541555,4.576119483536264,002401,TUNAL ORIENTAL
-74.10686213422467,4.4957618473135765,002614,LA ORQUIDEA DE USME
-74.07363920548283,4.664937375191963,007301,LA MERCED NORTE
-74.1452498763906,4.580321018983474,002413,MUZU
-74.13955764588162,4.652195831316353,006514,VERGEL OCCIDENTAL
-74.1474687557118,4.533497881099992,002578,ARABIA
-74.19689915005542,4.239145533721307,103101,SANTA ROSA ALTA
-74.14488050397863,4.6073248351982805,004506,LA CAMPINA
-74.17107396738672,4.624369612146896,004556,GRAN BRITALIA I
-74.10256253622069,4.757541994129478,009217,RINCON DE SANTA INES
-74.02255530886687,4.669946829539425,208125,SAN LUIS ALTOS DEL CABO RURAL II
-74.17466294019445,4.594384872490585,002418,LA ESTANCIA
-74.09104665420293,4.496142651872982,102412,TOCAIMITA SUR
-74.15078772501222,4.518070740725902,104128,EL MOCHUELO III
-74.07068544484085,4.735360724363765,009132,ESCUELA DE CARABINEROS
-74.08557596424059,4.671887141054738,005101,JOSE JOAQUIN VARGAS
-74.1202440110896,4.493066698795063,002592,DESARROLLO BRAZUELOS
-74.08856627727323,4.741695999475052,009210,LAS FLORES
-74.2185223505789,4.177110487862791,103102,TAQUECITOS
-74.0164213726261,4.601360143094038,101201,HOYA TEUSACA
-74.09198919662313,4.75643729683332,009242,TUNA BAJA
-74.09986414259859,4.752439455281754,009233,TIBABUYES
-74.08562867705452,4.764588573902934,107107,LAS MERCEDES SUBA RURAL
-74.1003098210134,4.558167084004777,001354,LAS GUACAMAYAS III
-74.0827177337955,4.5492086594762515,001339,BOSQUE DE LOS ALPES
-74.10829217769607,4.547821804353357,001421,DIANA TURBAY
-74.07894645016827,4.47640524352282,102309,EL BOSQUE SUR ORIENTAL RURAL II
-74.15012752400118,4.401529150338597,104113,SANTA BARBARA
-74.06442562546113,4.713024220209653,009117,PRADO VERANIEGO SUR
-74.09114384494224,4.508156715886081,102211,LILIANA
-74.11294900533554,4.707622217735277,005635,EL MADRIGAL
-74.15376561137573,4.660411786889024,006524,LA MAGDALENA
-74.10203844140906,4.507382463264177,002607,LA ESPERANZA SUR
-74.14781498759571,4.531767431253245,204129,EL MOCHUELO II NORTE
-74.08282592749079,4.755544650989578,009226,SALITRE SUBA
-74.09572949014485,4.722087774414182,009237,RINCON DE SUBA
-74.05187163672956,4.797000601863836,107102,CASABLANCA SUBA
-74.13143892015668,4.7405906154816595,207801,SANTA CECILIA DE SUBA I
-74.02733238409964,4.739578042424493,008505,SAN CRISTOBAL NORTE
-74.06277362636008,4.692205755614659,009125,PASADENA
-74.02269266571395,4.703787339004387,008420,PARAMO URBANO I
-74.06631538148899,4.586823123798298,003206,LA PENA
-74.06802312377879,4.585758362395337,003207,LOS LACHES
-74.16398625478256,4.6823347894572915,006525,EL CHANCO I
-74.05953418639527,4.627184754181938,008110,EL PARAISO
-74.1466572834594,4.5056180050466095,204304,LAGUNITAS
-74.11495410255597,4.677302010046091,005607,SAN IGNACIO
-74.11757905013914,4.687292117582192,005626,LOS ALAMOS
-74.17556546568817,4.21152294593481,103202,EL ISTMO
-74.15278353479839,4.536409091052562,104127,EL MOCHUELO IV
-74.09529469407633,4.509320100107317,202203,BOLONIA I
-74.15310728358132,4.5843973009025945,002422,ATLANTA
-74.0929073883086,4.557177455824505,001305,ATENAS
-74.17216958686772,4.559639726208634,002453,CIUDAD BOLIVAR
-74.07576185271081,4.682111811557956,005306,ENTRERIOS
-74.14142351570604,4.623904266443112,004509,CIUDAD KENNEDY
-74.09708873461041,4.493847708435552,102506,PORTAL RURAL II
-74.09333501343733,4.5304740087177455,001338,LA BELLEZA
-74.09805522577784,4.502100214447352,002622,TOCAIMITA ORIENTAL I
-74.01731887967314,4.666076502190486,208126,SAN ISIDRO RURAL II
-74.12331725252274,4.672341111143548,006316,BOSQUE DE MODELIA
-74.02921522296238,4.680108176705204,108114,PARAMO III RURAL
-74.10587241047722,4.708780661477833,005684,QUIRIGUA II
-74.0548450666988,4.639143771284661,201109,INGEMAR I
-74.1353668404377,4.716794254202038,005666,LA FAENA
-74.09124284079242,4.51307632481787,001348,LA CABANA
-74.06190654979027,4.635173715816527,008208,PARDO RUBIO
-74.12703268276206,4.707359762864177,005675,BOLIVIA
-74.11447933929873,4.653914045643296,006319,TERMINAL DE TRANSPORTES
-74.10881484009634,4.651687384926393,006313,SALITRE OCCIDENTAL
-74.06771193756512,4.655518147703016,007312,RAFAEL URIBE
-74.09579399077369,4.753174295077805,009245,PINOS DE LOMBARDIA
-74.11810864137709,4.625635512196417,004306,LA TRINIDAD
-74.11331719986285,4.726391108659695,005650,CIUDADELA COLSUBSIDIO
-74.08648812251428,4.726455926844729,009201,LOS NARANJOS
-74.17186643551517,4.5731991742111475,002445,CARACOLI
-74.12252983056996,4.394056276296972,102808,LA REGADERA
-74.12757156813258,4.7028888613674,005679,SAN ANTONIO ENGATIVA
-74.15619575280019,4.422221573991005,104102,PASQUILLITA
-74.13050167358845,4.18456196357156,103206,PENALISA
-74.11553508055286,4.756889773051333,009248,TIBABUYES II
-74.17676881659465,4.6200572134471365,004559,EL CARMELO
-74.14367636714884,4.534418154203919,002583,QUIBA URBANO
-74.0969390055429,4.504633565860365,102406,EL BOSQUE CENTRAL
-74.07609794250045,4.490927649248895,102118,LAS VIOLETAS RURAL
-74.18862808964086,4.405891303703776,104108,LAS MERCEDES
-74.09107921273493,4.486566712139495,102110,EL PORVENIR DE LOS SOCHES
-74.18622111620655,4.630206555974805,004591,EL PORTAL DEL BRASIL
-74.08302688545139,4.525164921222254,101308,CHIGUAZA RURAL
-74.17035029855413,4.569169890536751,002431,POTOSI
-74.09028863610548,4.501803096573461,001335,VILLA DIANA
-74.06064586682027,4.641247822835127,008207,BOSQUE CALDERON
-74.0617758534745,4.701024336173058,009111,MONACO
-74.17235622462364,4.67938363601094,105403,EL CHANCO RURAL III
-74.16228988769866,4.624493930412783,004578,VILLA NELLY III SECTOR
-74.16498367927352,4.627448669362041,004620,CHUCUA DE LA VACA II
-74.11284546264496,4.512579285256726,002524,LA ANDREA
-74.09072327777423,4.728303841271966,009204,EL RINCON NORTE
-74.10283883062885,4.493033744807942,002616,EL NUEVO PORTAL
-74.15804666396063,4.611143004600978,004530,TIMIZA B
-74.17879652409196,4.651380265261097,205225,LAS ACACIAS RURAL
-74.19513933641464,4.615688836455647,004642,ISLANDIA
-74.10665997931217,4.544762424919626,001422,DIANA TURBAY ARRAYANES
-74.0885974588817,4.55066743160199,001313,BELLAVISTA SUR
-74.0864411425344,4.507262003453964,001337,SAN PEDRO SUR
-74.16101227510211,4.186069304561349,103204,LAGUNA VERDE
-74.19594234909381,4.197771161589185,103103,SANTA ROSA BAJA
-74.12269495056292,4.591989950363438,002309,VILLA MAYOR ORIENTAL
-74.15761925480678,4.544137761717659,002582,BELLA FLOR SUR
-74.14836927160269,4.574510522621821,002432,ARBORIZADORA BAJA
-74.08742596056527,4.720913056184217,009235,CIUDAD HUNZA
-74.05864513373987,4.691989864185947,009126,ESTORIL
-74.02689246840225,4.70077482180907,008406,SAN GABRIEL NORTE
-74.02701878591675,4.701013387922804,008426,SAN GABRIEL NORTE II
-74.12636383638315,4.739459302028531,009268,SANTA CECILIA DE SUBA I
-74.09247984690293,4.719788369462113,009266,RINCON ALTAMAR
-74.19240538878351,4.600408388284215,004527,NUEVA GRANADA BOSA
-74.08025152141946,4.538098357650754,001318,QUINDIO
-74.14908338663159,4.562552209592788,002515,SAN FRANCISCO
-74.21071058781735,4.611858774517453,004513,SAN DIEGO-BOSA
-74.05324143805426,4.755562437068452,009129,VILLA DEL PRADO
-74.05034449424831,4.750379593574706,009101,GRANADA NORTE
-74.05475726542963,4.748255007764438,009102,BRITALIA
-74.02668794863713,4.8108989383203715,208128,TORCA II
-74.16771120624611,4.685936590161691,205401,EL CHANCO II
-74.01937157720204,4.743230840453799,008504,LA CITA
-74.1678765303945,4.690958960682951,105401,EL CHANCO RURAL II
-74.05543545461249,4.644904026295189,008205,MARIA CRISTINA
-74.05868509515697,4.644527903149578,008206,LA SALLE
-74.05149068365249,4.650629872148893,008203,LAS ACACIAS
-74.0418999978592,4.63539996312531,101103,INGEMAR ORIENTAL RURAL
-74.07747153710045,4.780031227406093,107109,BARAJAS NORTE
-74.14015952511778,4.723598832327279,005669,EL GACO
-74.15296356586914,4.567463456041684,002579,VILLA CANDELARIA
-74.12251367040336,4.496662995996556,002591,BRAZUELOS OCCIDENTAL
-74.11161679368688,4.497695320597941,002576,SERRANIAS I
-74.15534792266985,4.678278334123462,006519,MORAVIA
-74.16098897327682,4.642912052004976,004566,PATIO BONITO III
-74.1178942256204,4.504962291736266,002536,MONTEBLANCO
-74.10474700442312,4.567056680445257,001426,SAN LUIS
-74.17635253240458,4.61834259108266,004557,GRAN BRITALIA
-74.18272702145526,4.609984936921337,004522,BOSA
-74.20848956595182,4.614026747789706,004561,EL JARDIN
-74.11252640761744,4.621371075241145,004302,SAN RAFAEL
-74.1013873764266,4.744531223848385,009203,PUERTA DEL SOL
-74.14932613748344,4.69106870733171,006419,EL REFUGIO
-74.14610298134727,4.688690892829224,006416,ATAHUALPA
-74.13178251453179,4.683682390673818,006403,SAN JOSE DE FONTIBON
-74.14519263661431,4.685452055377867,006401,VERSALLES FONTIBON
-74.14264879424805,4.698667429626768,005624,AEROPUERTO EL DORADO
-74.13883141783573,4.682030736070082,006402,LA CABANA FONTIBON
-74.17742425637068,4.583188075799624,002449,ESPINO I
-74.02603222206875,4.766583273871655,008535,BUENAVISTA
-74.08191545351053,4.680924390628605,005207,METROPOLIS
-74.0933180605791,4.678132644936787,005502,LA ESTRADA
-74.07053596735689,4.67963294867136,005310,ESCUELA MILITAR
-74.02315261376553,4.768403135190773,008542,TIBABITA I
-74.03439215748908,4.763352759236742,008537,VERBENAL SAN ANTONIO
-74.17410537975255,4.5910968934903655,002443,LA PRIMAVERA I
-74.1070014430773,4.755777889150868,009234,SABANA DE TIBABUYES NORTE
-74.05862413511343,4.723603410789067,009106,SAN JOSE DEL PRADO
-74.12339760390266,4.607664335494788,004401,SAN EUSEBIO
-74.0298844032821,4.674940929449777,208104,PARAMO URBANO
-74.0968453429711,4.726257812972663,009230,SAN CAYETANO
-74.08998948738945,4.569479648015945,001301,GRANADA SUR
-74.19756213825747,4.378219726131244,102113,LAS MARGARITAS
-74.10405393172377,4.642441234446141,006217,CIUDAD SALITRE SUR-ORIENTAL
-74.02071926306695,4.764717700010023,008545,MIRADOR DEL NORTE
-74.0159320643485,4.757941165543656,108111,TIBABITA RURAL I
-74.04141720922655,4.756642607796453,008528,SAN ANTONIO NOROCCIDENTAL
-74.04200460310689,4.76525673931315,008527,EL CEREZO
-74.04207387587687,4.747136292379273,008501,EL TOBERIN
-74.04103498595575,4.761810852045491,008526,EL VERVENAL
-74.0145053215737,4.732945512345594,108103,BARRANCAS ORIENTAL RURAL
-74.12081517460054,4.661098442661154,006302,CAPELLANIA
-74.11123756932784,4.6600974173437235,006303,LA ESPERANZA NORTE
-74.07041464380445,4.6625104438195395,007302,ALCAZARES
-74.09402731554391,4.658628015545006,005114,CAMPO EUCARISTICO
-74.14823267216576,4.488435715328916,204131,MOCHUELO ALTO URBANO
-74.11558945439961,4.470262445104914,102122,LA REQUILINA RURAL
-74.14788699062079,4.481045281598542,104131,MOCHUELO ALTO RURAL
-74.17270261186752,4.5839201350669745,002423,ESPINO
-74.08311565347184,4.610974315813892,006106,EL LISTON
-74.11200707755785,4.5707166692135806,001425,GRANJAS DE SANTA SOFIA
-74.10033091767268,4.566282064833097,001406,SAN ISIDRO
-74.13557396860165,4.6433144008221765,006510,VILLA ALSACIA II
-74.12203398135972,4.476161289642975,102602,CENTRO USME RURAL I
-74.1327651820764,4.638337499658304,006501,COOPERATIVA DE SUB-OFICIALES
-74.04873355010427,4.7017497511671795,008417,SANTA BARBARA OCCIDENTAL
-74.0486405949161,4.6768573016431425,008307,CHICO NORTE
-74.10187234359577,4.663002371049674,005506,JARDIN BOTANICO
-74.15117280029345,4.616062827470006,004512,TIMIZA
-74.14797223630693,4.62064166948203,004510,CIUDAD KENNEDY ORIENTAL
-74.1184687976944,4.611157627931358,004309,LA CAMELIA
-74.15408490649142,4.709145544608935,005673,PUEBLO VIEJO
-74.07091064252444,4.66842035137487,007405,ONCE DE NOVIEMBRE
-74.1155662263924,4.6661977428747425,006311,MODELIA
-74.13590790409397,4.571731822749562,002410,PARQUE EL TUNAL
-74.13866108918846,4.5922398219731715,002404,VENECIA
-74.1022654230962,4.7339973199118175,009206,AURES II
-74.0680249437222,4.788528942120521,009140,NUESTRA SENORA DEL ROSARIO
-74.14348103702798,4.591586550461361,002403,VENECIA OCCIDENTAL
-74.21370372914586,4.635963857531777,105325,SAN BERNARDINO XXV
-74.18391958823956,4.147986706202362,103104,LAS ANIMAS
-74.02562931647354,4.6711486604910135,208110,SAN LUIS ALTOS DEL CABO RURAL
-74.08199466616607,4.7414671780272934,009212,SUBA URBANO
-74.09476959855927,4.501940057252127,202410,TOCAIMITA ORIENTAL
-74.10220803736858,4.776974667493806,107106,TUNA RURAL
-74.08562197547913,4.723123148745681,009263,VILLA ALCAZAR
-74.10128313900684,4.718329144980144,005630,CIUDAD BACHUE
-74.12000307418253,4.4790018020194955,002632,LA REQUILINA
-74.14953451701967,4.6351913214456815,006505,PIO XII
-74.11037900963476,4.587081289317304,002304,SANTIAGO PEREZ
-74.20831667823334,4.619114671201461,105318,SAN BERNARDINO XVIII
-74.10373458713296,4.4972277510966165,002613,EL PROGRESO USME
-74.12550405045738,4.574515486455853,002205,SANTA LUCIA
-74.12054236312858,4.586448344400519,002306,BRAVO PAEZ
-74.0156268867648,4.7346631985483185,008543,SANTA CECILIA PUENTE NORTE
-74.04152269327759,4.668303436203499,201105,EL REFUGIO I
-74.15691225286524,4.694853658418567,006414,BRISAS ALDEA FONTIBON
-74.20266968777736,4.632042547866549,004573,CIUDADELA EL RECREO
-74.16002030661276,4.654176981245901,205109,LA MAGDALENA I
-74.17155637065419,4.6551533505179155,205227,OSORIO IX
-74.1034673218154,4.484010692024391,002643,EL SALTEADOR
-74.0238298140933,4.703163157261291,208129,LAS DELICIAS DEL CARMEN II SECTOR
-74.08833504195358,4.536337051266652,001324,EL PINAR
-74.08567969486157,4.536859358188693,001363,COLMENA I LOS PINARES
-74.15355300750298,4.628812863817608,004514,CIUDAD KENNEDY NORTE
-74.1663775685925,4.562671248411189,002569,ARBORIZADORA ALTA
-74.06595674197655,4.620961931573638,008103,LA MERCED
-74.09194142826517,4.618718431504373,006204,ESTACION CENTRAL
-74.08169336273568,4.619217467253939,006108,SAMPER MENDOZA
-74.05956648760917,4.654741668956042,008201,QUINTA CAMACHO
-74.1671339777558,4.624940190615528,004621,CHUCUA DE LA VACA I
-74.0423980448127,4.742426660671843,008516,LAS ORQUIDEAS
-74.14354700293131,4.605040180486163,004572,CORREDOR FERREO DEL SUR
-74.11788815079674,4.710072550179468,005628,GARCES NAVAS ORIENTAL
-74.1362892786448,4.646837675727692,006507,NUEVO TECHO
-74.11752407198853,4.497552186354014,002556,DESARROLLO BRAZUELOS I
-74.08016205365874,4.5879063372674596,003202,LAS CRUCES
-74.07971399084326,4.6488782943138,005105,CAMPIN OCCIDENTAL
-74.08240304103181,4.6475812761706,005106,NICOLAS DE FEDERMAN
-74.1733766246609,4.610869676822364,004534,ROMA
-74.11836968684628,4.645745083883074,006307,MONTEVIDEO
-74.10906102187835,4.505054883810978,002537,CHUNIZA
-74.1009336675329,4.542812436910411,002601,ARRAYANES I
-74.01796779938572,4.669830939629307,208111,SAN ISIDRO RURAL
-74.13121436076744,4.566609403718578,002501,SAN CARLOS
-74.09437627890264,4.744024608414082,009211,EL POA
-74.08055239809816,4.725497514889126,009249,VEREDA SUBA NARANJOS
-74.10417102479126,4.62246168349247,004207,GORGONZOLA
-74.18849078843245,4.611397214182331,004570,ANTONIA SANTOS
-74.14376578664304,4.648411753848743,006529,EL VERGEL ORIENTAL
-74.16346451243635,4.539696152385924,104107,BELLA FLOR SUR RURAL
-74.12029599841946,4.712682453979157,005627,GARCES NAVAS
-74.15240729446037,4.571620069389911,002544,LOS LAURELES II
-74.05417019481754,4.647082580336391,008211,JUAN XXIII
-74.11690422311116,4.642286798285355,006306,GRANJAS DE TECHO
-74.08725604055532,4.6433846284843865,005117,RAFAEL NUNEZ
-74.1395469857905,4.600414119618708,004596,ALQUERIA LA FRAGUA II
-74.20167431515765,4.62434595418587,004567,VILLAS DEL PROGRESO
-74.17081894741531,4.615610880669999,004537,CASABLANCA
-74.15780059987326,4.640408042875473,004564,TAIRONA
-74.10518813034913,4.5557923471089135,001428,CERROS DE ORIENTE
-74.14873129742254,4.344739796824039,102111,LOS ARRAYANES
-74.15814506474743,4.26416885854635,103203,EL TABACO
-74.16366853123921,4.547447089109468,204106,NUEVA ESPERANZA
-74.13318296524294,4.605621973907316,004542,ALQUERIA LA FRAGUA NORTE
-74.02371609436571,4.697041377480165,108112,PARAMO II RURAL
-74.11606372371833,4.631407212581217,006212,SALAZAR GOMEZ
-74.10209477891476,4.484335442224466,002636,LA HUERTA
-74.17497930777557,4.605556064967547,004532,LA CECILIA
-74.10232008389372,4.487450582809606,002618,PUERTA AL LLANO DE USME
-74.14110832769903,4.565537012018285,002518,RONDA
-74.07913736369125,4.542078142181302,001331,ALTOS DEL ZUQUE
-74.14045955562553,4.605557048729154,004549,NUEVA YORK
-74.11590693272137,4.621699363083029,004308,COLON
-74.06738322385154,4.666997323388993,007407,LA AURORA
-74.15999477947534,4.547492030094345,204107,EL MIRADOR II
-74.19807115487306,4.6410785247140804,004634,CANAVERALEJO
-74.06990568312304,4.727548908229229,009115,IBERIA
-74.16651054028492,4.567246353088414,002520,LAS MANAS
-74.16190916882316,4.551567312172072,002565,PARAISO QUIBA
-74.11354769376096,4.557481961041041,001419,CALLEJON SANTA BARBARA
-74.1058108554683,4.521774875316397,002629,EL NEVADO II
-74.06362413593838,4.667311466309555,007402,JUAN XXIII
-74.05174464845915,4.666684489198739,008310,EL RETIRO
-74.08709773804189,4.60786065325763,004102,LA SABANA
-74.10796336416352,4.511774926439422,002527,LA CABANA
-74.15790315005465,4.636197424179016,006517,MARIA PAZ
-74.04497617445699,4.733205950494646,008530,LAS MARGARITAS
-74.0344186484789,4.723647105680977,008510,ACACIAS USAQUEN
-74.10067243421932,4.645555662837048,006216,CIUDAD SALITRE NOR-ORIENTAL
-74.30725215827373,3.925264176330279,109109,TUNAL ALTO
-74.13146812537143,4.672673464482416,006405,FERROCAJA FONTIBON
-74.20187551828623,4.643406899885764,205308,CANAVERALEJO RURAL
-74.17877587681417,4.627113087681379,004628,BETANIA
-74.20739116376042,4.619938650904081,004624,LA VEGA SAN BERNARDINO
-74.17230315944862,4.648811521382076,004627,GALAN
-74.06631904829757,4.6970117664435005,009124,PUENTE LARGO
-74.11246468950496,4.694321982145123,005621,FLORIDA BLANCA
-74.07120862386334,4.722290005830304,009108,CIUDAD JARDIN NORTE
-74.16199559903787,4.556913443982981,104118,CIUDAD BOLIVAR RURAL III
-74.0783634706892,4.699069433045075,005401,POTOSI
-74.07587025514916,4.706244144578733,009109,NIZA SUR
-74.08057040153278,4.579394600199894,001102,BUENOS AIRES
-74.10196440548046,4.747803502243872,009228,LOMBARDIA
-74.10266273425918,4.4851753849891365,202502,EL UVAL
-74.20280007732096,4.614183503184079,004575,LOS LAURELES
-74.13359856846738,4.599340643393996,004409,ALQUERIA
-74.10343967957722,4.714956911347957,005631,CIUDAD BACHUE I ETAPA
-74.10366719166366,4.504125262895567,002610,CHAPINERITO
-74.18087187045394,4.642540132126687,004615,OSORIO XII
-74.11651090198266,4.6008386282666525,004412,REMANSO SUR
-74.13564477249933,4.5638964427038555,002509,SAN BENITO
-74.12419111106807,4.510574816599168,002593,TUNJUELITO
-74.03152734467645,4.699276779184137,008413,SANTA BARBARA ORIENTAL
-74.08302600665128,4.758418859107864,009239,LAS MERCEDES SUBA
-74.02026107836177,4.661065853196313,108108,PARAMO II
-74.0452918321307,4.6869168928847,008411,RINCON DEL CHICO
-74.14442646927313,4.6141150012518395,004505,PROVIVIENDA OCCIDENTAL
-74.1006898127,4.49077231429537,002620,EL NUEVO PORTAL II
-74.0995501268037,4.5931017219992905,002101,LA FRAGUITA
-74.10168255348016,4.5263590751468845,002602,FISCALA ALTA
-74.030703657705,4.707321067474755,008404,BELLA SUIZA
-74.08459579482319,4.6378468997796665,005108,CIUDAD UNIVERSITARIA
-74.16848548658986,4.641092676899713,004541,EL PARAISO BOSA
-74.31593663012622,4.0261966814842705,109104,SAN JUAN
-74.09121386791976,4.545517596536919,001319,LA GLORIA ORIENTAL
-74.03592877883709,4.715505488583406,008513,LISBOA
-74.05356117029841,4.683344168928686,008315,CHICO NORTE III SECTOR
-74.05193693063885,4.6894987406132795,008412,SANTA BIBIANA
-74.12501891910944,4.473803736717518,002599,CENTRO USME URBANO
-74.05777228944166,4.659372974909297,008306,PORCIUNCULA
-74.16541255311111,4.655538409225215,105203,OSORIO II
-74.18716895823668,4.599080304109517,004521,LA ESTACION BOSA
-74.03791573480483,4.699766054672946,008415,SANTA BARBARA CENTRAL
-74.03688795742073,4.689234080014088,008414,SANTA ANA OCCIDENTAL
-74.06822945597789,4.691698231769669,009127,ANDES NORTE
-74.0752602968534,4.690782593856976,005403,JULIO FLOREZ
-74.14354543524755,4.62927835697368,004531,MANDALAY
-74.31454276085273,4.029157542105888,209104,SAN JUAN URBANO
-74.02574523138605,4.705637711595067,008425,GINEBRA II
-74.12288211434598,4.518089104341822,002541,GRANADA SUR
-74.14042992792007,4.714211694549727,005636,ENGATIVA ZONA URBANA
-74.15088964440531,4.654610454521847,006533,EL TINTAL III
-74.16503525709632,4.694193028184908,006418,PUENTE GRANDE
-74.13465970912846,4.650973535204436,006503,VISION DE ORIENTE
-74.11444763661994,4.489521289429036,002594,VILLA ISRAEL
-74.1316841318636,4.702516641728425,005660,SAN ANTONIO URBANO
-74.09596091433501,4.670148928840281,005505,BOSQUE POPULAR
-74.16824019270777,4.610397545302233,004545,CATALINA
-74.18522928257069,4.621053492720235,004519,ESCOCIA
-74.15914323168639,4.619075158031519,004507,CIUDAD KENNEDY SUR
-74.08820841847123,4.561215781302102,001357,SANTA INES SUR II
-74.14892589388488,4.536667315652582,002547,EL TESORO
-74.15847058501328,4.60062761199075,004546,VILLA DEL RIO
-74.06751789760496,4.670873156779455,007406,SANTA SOFIA
-74.10652045706814,4.668583679500214,005507,NORMANDIA
-74.06701433999035,4.591673841992862,003215,SAN FRANCISCO RURAL
-74.06883770677257,4.652221708885591,007306,BAQUERO
-74.08832890571995,4.650979084826232,005113,PAULO VI
-74.06162248077251,4.650650547016819,008214,CHAPINERO NORTE
-74.11373164041422,4.5169945048919775,002528,SANTA LIBRADA NORTE
-74.10241756237943,4.5628316449059785,001409,LAS LOMAS
-74.07576038361728,4.804772696639834,009141,LA CANDELARIA
-74.11133591652028,4.625772557017216,004301,SAN RAFAEL INDUSTRIAL
-74.07599579029507,4.532916014637366,101309,LA ARBOLEDA RURAL
-74.09580051424456,4.565889618858794,001407,SURAMERICA
-74.1276106701785,4.723148478760103,005663,EL DORADO INDUSTRIAL
-74.14943566871985,4.670644865777337,006415,LA LAGUNA FONTIBON
-74.05012270649723,4.669168427374827,008309,LA CABRERA
-74.10436607339506,4.541655155906714,001432,DIANA TURBAY CULTIVOS
-74.15810365945431,4.6649313748682735,105103,SAN PEDRO
-74.14007548665778,4.670605920009844,006406,VILLEMAR
-74.07151140492427,4.569293262005848,001115,MONTE CARLO
-74.13570546334915,4.541278992338632,002534,CASA DE TEJA
-74.18058427820087,4.593714083481642,002428,PRIMAVERA II
-74.11090172854426,4.493643339569115,002615,LA ESPERANZA DE USME
-74.15267312911878,4.609471438173043,004518,TIMIZA A
-74.08082740519596,4.655152986488914,005104,EL ROSARIO
-74.07503930205984,4.659450543485843,007310,LA PAZ
-74.07781593587093,4.669708461176488,005203,SAN FERNANDO
-74.1636772731446,4.579585497914494,002438,SIERRA MORENA
-74.02414075839468,4.759396839368768,008533,HORIZONTES NORTE
-74.07108957397153,4.653070656537349,007307,MUEQUETA
-74.13082619727719,4.65132682174785,006527,INTERINDUSTRIAL
-74.153755747745,4.550523584864742,002558,VILLAS EL DIAMANTE
-74.09979100066225,4.536891339930348,002637,ARRAYANES VI
-74.10068581788158,4.711938373900257,005683,QUIRIGUA I
-74.084626719818,4.683440361516884,005404,LAS FERIAS
-74.09436279080222,4.684110707864772,005501,PALO BLANCO
-74.20535316659105,4.606984667292716,004597,SAN BERNARDINO I
-74.11313509622013,4.502521272780938,002548,EL VIRREY
-74.08142455268926,4.534949443888183,001358,CHIGUAZA URBANO
-74.08862393869609,4.554748758058381,001309,SAN VICENTE
-74.10939332023281,4.620320504829918,004206,SAN FRANCISCO
-74.01656150734507,4.743310842889176,208103,BARRANCAS ORIENTAL
-74.08439218836872,4.65992374150917,005112,PARQUE DISTRITAL SALITRE
-74.10795832975032,4.490339394030056,202511,PUERTA AL LLANO RURAL
-74.13055919483286,4.468323370947151,102601,CENTRO USME RURAL
-74.11140624712728,4.538967078222913,002577,DANUBIO II
-74.08374067290781,4.603330127341163,004103,VOTO NACIONAL
-74.20601868657013,4.634837725349814,205319,SAN BERNARDINO XIX
-74.16515322644179,4.636308823506743,004555,PATIO BONITO II
-74.1213398230391,4.625888987402481,004305,LA PRADERA
-74.1319133197142,4.589754342355852,002405,ESCUELA GENERAL SANTANDER
-74.18755140323613,4.62537610907587,004579,ESCOCIA
-74.13659442596034,4.665836441290636,006423,EL TINTAL CENTRAL
-74.07443008953511,4.669811502132251,005202,DOCE DE OCTUBRE
-74.07726325136315,4.676249340485846,005206,LA LIBERTAD
-74.08472495979373,4.563868974342516,001306,SAN PEDRO
-74.07970135019268,4.544763237382673,001316,MORALBA
-74.16964787599589,4.58213335467714,002414,ISMAEL PERDOMO
-74.34491433161793,4.035558702054682,109112,CAPITOLIO
-74.05881442407991,4.63304471076355,008220,SIBERIA CENTRAL
-74.08162630304727,4.583220282116127,001101,LAS BRISAS
-74.1711167284396,4.527829806666009,104110,QUIBA BAJO
-74.08444465809677,4.579695504485972,001110,SAN JAVIER
-74.08166231220751,4.665862357185617,005102,POPULAR MODELO
-74.04981413654473,4.69533985074065,008418,SAN PATRICIO
-74.12145933873323,4.7045691532044565,005658,VILLA SAGRARIO
-74.19777838456535,4.636846900107181,004635,SAN BERNARDINO II
-74.08362931177204,4.567949850566876,001106,SAN BLAS
-74.11302266237749,4.563878662617889,001434,CARMEN DEL SOL
-74.08290480361595,4.541955158804512,001317,PUENTE COLORADO
-74.10682988804697,4.5820308355875925,002201,OLAYA
-74.1163141442652,4.579328978321933,002203,QUIROGA CENTRAL
-74.10949071121152,4.5925030062326915,002105,SANTANDER
-74.10810952735949,4.585725081018418,002303,CENTENARIO
-74.1179016485293,4.585346643293203,002310,MURILLO TORO
-74.1689291250124,4.697198427941444,006411,CHARCO URBANO
-74.08287143231972,4.502042132468643,001340,TIHUAQUE
-74.11419706731967,4.5859433203892905,002305,LIBERTADOR
-74.1321423950026,4.627579102908967,004501,HIPOTECHO
-74.11398843042484,4.5273642221040085,002550,DUITAMA
-74.139151639164,4.5443680428284,002533,SOTAVENTO
-74.19617673709314,4.620667521787556,004641,LA INDEPENDENCIA
-74.12348086081832,4.713731955718176,005655,GARCES NAVAS SUR
-74.10668895952193,4.711335658812875,005632,BOCHICA
-74.15666371327593,4.5774535298747905,002412,VERONA
-74.11582542429677,4.5392615842880675,002519,DANUBIO
-74.16103797590814,4.144744919885179,103107,LAS PALMAS
-74.10131354172455,4.728002611514038,009227,LECH WALESA
-74.10614268675425,4.760781291930583,009261,TUNA
-74.08951406258167,4.540679221797459,001320,NUEVA GLORIA
-74.09191996067848,4.540863268742915,001329,EL PARAISO
-74.1065763788761,4.632980350576273,006215,PUENTE ARANDA
-74.07040225639113,4.642476744007483,007208,BANCO CENTRAL
-74.1476591357387,4.568470064453847,002545,EL SATELITE
-74.10424985297355,4.500893878848144,002627,LA REFORMA
-74.16351815713315,4.612893980140201,004565,TOCAREMA
-74.1545119650356,4.60358087478496,004516,BOITA
-74.16747205997515,4.580130960206435,002439,SIERRA MORENA
-74.06337287086757,4.803420640212157,009142,CONEJERA
-74.17066381705654,4.590748246197139,002427,GALICIA
-74.16679135376832,4.592420294734899,002417,BARLOVENTO
-74.17431476378914,4.587602671475408,002424,RINCON DE GALICIA
-74.17418994890933,4.586009345658238,002448,PERDOMO ALTO
-74.12366299312883,4.4673509062884476,102603,CENTRO USME RURAL II
-74.09741153266084,4.603163807836219,004109,VERAGUAS
-74.10265408612771,4.6814103761788965,005604,EL REAL
-74.10989895231144,4.520073770713573,002640,EL PEDREGAL II
-74.17204285227912,4.600513571284994,004529,CEMENTERIO JARDINES APOGEO
-74.18952247243766,4.636164268599957,004631,EL CORZO
-74.0866195511518,4.715671581117201,009218,ALMIRANTE COLON
-74.09899816432072,4.505151589658082,002608,EL BOSQUE CENTRAL I
-74.11816933738184,4.596423060125748,004413,AUTOPISTA MUZU ORIENTAL
-74.17045870796751,4.606117520374193,004540,CATALINA II
-74.07355486495105,4.599569997136669,003110,LA CATEDRAL
-74.09850486027253,4.516037619256782,002626,BOLONIA I
-74.1088499054821,4.614785806840265,004205,PRIMAVERA OCCIDENTAL
-74.15293736586574,4.534112121524931,002585,EL MOCHUELO URBANO
-74.11142743713972,4.536695881777592,002597,LA FISCALA NORTE
-74.09127511657326,4.585063119666661,001202,CIUDAD BERNA
-74.11081272531408,4.486156862559479,002634,EL TUNO
-74.15295567045223,4.563509127200262,002557,JUAN JOSE RONDON
-74.15274125901364,4.62192474038985,004511,CIUDAD KENNEDY CENTRAL
-74.098635826704,4.731713797402372,009220,LAGO DE SUBA
-74.17291246732103,4.172210219827874,103105,LAS AURAS
-74.07164871023187,4.7159850679252315,009122,LAS VILLAS
-74.10512065992665,4.5152780273057305,002604,LOS OLIVARES
-74.10066608557457,4.494308792849882,002642,EL PORTAL URBANO
-74.10935497973512,4.541662101741494,002535,PALERMO SUR
-74.1125838505002,4.59083755203458,002302,SANTANDER SUR
-74.10419843257495,4.589455261049031,002104,RESTREPO OCCIDENTAL
-74.10677862919137,4.595166100447644,002107,LA FRAGUA
-74.10245870391388,4.597496466294522,004107,SANTA ISABEL SUR
-74.11064252516812,4.596573042474786,002106,SENA
-74.10051643142305,4.585236878593982,002103,RESTREPO
-74.12129868679096,4.7430260051031565,009254,LISBOA
-74.01954126231819,4.663689947514021,208108,SAN ISIDRO RURAL
-74.0648205636909,4.744822241922453,009114,GILMAR
-74.13313857682977,4.706571863524407,005665,MARANDU
-74.09080632151436,4.647263705240204,005111,LA ESMERALDA
-74.07616154646142,4.648400956284447,007201,CAMPIN
-74.1579281275939,4.5726644452830705,002434,JERUSALEN
-74.09310780950594,4.510575337538597,001345,DONA LILIANA
-74.15644874529409,4.4442510900004555,204104,PASQUILLA URBANA
-74.1222395430369,4.566778641075051,001415,MARCO FIDEL SUAREZ I
-74.17894400810512,4.601684122270999,004553,ANDALUCIA II
-74.18217660159748,4.631973290522124,004622,BRASIL
-74.14728737950743,4.666996001334812,006523,SAN PEDRO DE LOS ROBLES
-74.09255810427096,4.521036733212631,001350,YOMASA
-74.17725454861582,4.311808141832808,102115,LA UNION
-74.0245162538221,4.752641137268944,008532,EL REDIL
-74.1534414547672,4.539958359687485,002561,CORDILLERA DEL SUR
-74.34525293326855,4.007550605020115,109105,SANTO DOMINGO
-74.0903762651441,4.689889251928612,005406,BONANZA
-74.12529986821063,4.66651050853883,006312,MODELIA OCCIDENTAL
-74.10171317648769,4.534592682059468,002625,ARRAYANES V
-74.08523201197421,4.576997807230301,001111,SANTA ANA SUR
-74.08060149908057,4.56689568023541,001107,LAS MERCEDES
-74.16233537828725,4.5717319838070205,002437,LA PRADERA
